<PlusConfiguration version="2.3">

  <DataCollection StartupDelaySec="1.0" >
    <DeviceSet 
      Name="Ascension 3DG tracking for LP training"
      Description="EM sensors: 1 Reference, 2 Needle." 
    />

    <Device
      Id="TrackerDevice" 
      Type="Ascension3DG" 
      AcquisitionRate="50" 
      LocalTimeOffsetSec="0.0" 
      FilterAcWideNotch="1"
      FilterAlpha="1"
      FilterDcAdaptive="1"
      ToolReferenceFrame="Tracker">
      <DataSources>
        <DataSource Type="Tool" Id="Reference" BufferSize="500" PortName="0" />
        <DataSource Type="Tool" Id="Needle" BufferSize="500" PortName="1" />
      </DataSources>
      <OutputChannels>
        <OutputChannel Id="TrackerStream" >
          <DataSource Id="Reference"/>
          <DataSource Id="Needle"/>
        </OutputChannel>
      </OutputChannels>
    </Device>


  </DataCollection>

  <PlusOpenIGTLinkServer
    MaxNumberOfIgtlMessagesToSend="1"
    MaxTimeSpentWithProcessingMs="50"
    ListeningPort="18944"
    SendValidTransformsOnly="true"
    OutputChannelId="TrackerStream" >
    <DefaultClientInfo>
      <MessageTypes>
        <Message Type="TRANSFORM" />
      </MessageTypes>
      <TransformNames>
        <Transform Name="NeedleToReference" />
      </TransformNames>
    </DefaultClientInfo>
  </PlusOpenIGTLinkServer>

</PlusConfiguration>